터미널,출발,요금(어른),소요시간
감곡시외터미널,출발,요금(어른),소요시간
감곡시외터미널,07:00,"11,900 원",01:59
감곡시외터미널,09:46,"11,900 원",02:05
감곡시외터미널,19:00,"11,900 원",02:05
강릉시외버스터미널,출발,요금(어른),소요시간
강릉시외버스터미널,07:10,"25,200 원",02:49
강릉시외버스터미널,09:20,"25,200 원",02:49
강릉시외버스터미널,11:40,"25,200 원",02:49
강릉시외버스터미널,16:20,"25,200 원",02:49
강릉시외버스터미널,18:20,"25,200 원",02:49
고양종합터미널,출발,요금(어른),소요시간
고양종합터미널,07:10,"17,600 원",02:36
고양종합터미널,08:40,"17,600 원",02:36
고양종합터미널,10:10,"17,600 원",02:36
고양종합터미널,11:20,"17,600 원",02:36
고양종합터미널,12:40,"17,600 원",02:36
고양종합터미널,14:10,"17,600 원",02:36
고양종합터미널,15:10,"17,600 원",02:36
고양종합터미널,17:10,"17,600 원",02:36
고양종합터미널,18:20,"17,600 원",02:36
고양종합터미널,19:30,"17,600 원",02:36
고한사북공영버스터미널,출발,요금(어른),소요시간
고한사북공영버스터미널,17:20,"27,700 원",02:23
고현버스터미널,출발,요금(어른),소요시간
고현버스터미널,08:00,"35,100 원",03:45
고현버스터미널,10:30,"35,100 원",03:45
고현버스터미널,17:00,"35,100 원",03:45
공단정류소,출발,요금(어른),소요시간
공단정류소,07:00,"15,600 원",02:08
공단정류소,08:10,"15,600 원",02:08
공단정류소,11:40,"12,000 원",02:08
공단정류소,13:25,"15,600 원",02:08
공단정류소,15:00,"15,600 원",02:08
공단정류소,16:10,"15,600 원",02:08
공단정류소,17:30,"12,000 원",02:08
공단정류소,19:00,"15,600 원",02:08
공도정류소,출발,요금(어른),소요시간
공도정류소,09:00,"5,500 원",00:55
공도정류소,13:35,"5,500 원",00:55
공도정류소,18:00,"5,500 원",00:55
공주종합버스터미널,출발,요금(어른),소요시간
공주종합버스터미널,12:30,"7,100 원",01:31
공주종합버스터미널,18:30,"7,100 원",01:31
공주종합버스터미널,20:00,"7,100 원",01:31
관기공동정류장,출발,요금(어른),소요시간
관기공동정류장,15:45,"10,400 원",01:47
관기공동정류장,20:10,"10,400 원",01:47
광양터미널,출발,요금(어른),소요시간
광양터미널,09:15,"29,400 원",03:18
광양터미널,14:40,"29,400 원",03:18
광주종합터미널,출발,요금(어른),소요시간
광주종합터미널,07:00,"8,500 원",01:32
광주종합터미널,13:15,"8,500 원",01:32
광혜원터미널,출발,요금(어른),소요시간
광혜원터미널,08:50,"7,600 원",01:29
광혜원터미널,10:35,"7,600 원",01:29
광혜원터미널,14:00,"7,600 원",01:29
광혜원터미널,16:44,"7,600 원",01:29
광혜원터미널,19:00,"7,600 원",01:29
괴산시외버스공용터미널,출발,요금(어른),소요시간
괴산시외버스공용터미널,07:22,"7,400 원",01:20
괴산시외버스공용터미널,11:34,"7,400 원",01:20
괴산시외버스공용터미널,16:50,"7,400 원",01:20
구미종합버스터미널,출발,요금(어른),소요시간
구미종합버스터미널,07:00,"15,000 원",01:58
구미종합버스터미널,08:10,"15,000 원",01:58
구미종합버스터미널,11:40,"11,500 원",01:58
구미종합버스터미널,13:25,"15,000 원",01:58
구미종합버스터미널,15:00,"15,000 원",01:58
구미종합버스터미널,16:10,"15,000 원",01:58
구미종합버스터미널,17:30,"11,500 원",01:58
구미종합버스터미널,19:00,"15,000 원",01:58
군산시외버스터미널,출발,요금(어른),소요시간
군산시외버스터미널,09:20,"16,000 원",03:03
군산시외버스터미널,10:40,"16,000 원",03:03
군산시외버스터미널,13:05,"16,000 원",03:03
군산시외버스터미널,16:15,"16,000 원",03:03
군산시외버스터미널,17:55,"16,000 원",03:03
금왕임시정류소,출발,요금(어른),소요시간
금왕임시정류소,06:40,"8,900 원",01:47
금왕임시정류소,07:00,"8,900 원",01:34
금왕임시정류소,09:46,"8,900 원",01:40
금왕임시정류소,10:10,"8,900 원",01:47
금왕임시정류소,11:36,"8,900 원",01:40
금왕임시정류소,15:36,"8,900 원",01:47
금왕임시정류소,17:40,"8,900 원",01:47
금왕임시정류소,18:41,"8,900 원",01:47
금왕임시정류소,19:00,"8,900 원",01:40
기흥역시외버스정류소,출발,요금(어른),소요시간
기흥역시외버스정류소,07:10,"8,700 원",01:34
기흥역시외버스정류소,09:50,"8,700 원",01:34
기흥역시외버스정류소,12:30,"8,700 원",01:34
기흥역시외버스정류소,15:25,"8,700 원",01:34
기흥역시외버스정류소,18:25,"8,700 원",01:34
남청주정류소,출발,요금(어른),소요시간
남청주정류소,07:10,"1,700 원",00:18
남청주정류소,16:30,"1,700 원",00:20
논산버스터미널,출발,요금(어른),소요시간
논산버스터미널,08:30,"12,200 원",02:20
단양시외버스터미널,출발,요금(어른),소요시간
단양시외버스터미널,12:37,"21,800 원",04:18
단양시외버스터미널,17:39,"21,800 원",04:18
대소버스공동정류장,출발,요금(어른),소요시간
대소버스공동정류장,08:50,"8,300 원",01:38
대소버스공동정류장,10:35,"8,300 원",01:38
대소버스공동정류장,14:00,"8,300 원",01:38
대소버스공동정류장,16:44,"8,300 원",01:38
대소버스공동정류장,19:00,"8,300 원",01:38
대야공용버스터미널,출발,요금(어른),소요시간
대야공용버스터미널,09:20,"14,700 원",02:44
대야공용버스터미널,10:40,"14,700 원",02:44
대야공용버스터미널,13:05,"14,700 원",02:44
대야공용버스터미널,16:15,"14,700 원",02:44
대야공용버스터미널,17:55,"14,700 원",02:44
대전복합터미널,출발,요금(어른),소요시간
대전복합터미널,06:20,"6,200 원",01:00
대전복합터미널,06:27,"4,800 원",01:00
대전복합터미널,06:48,"6,200 원",01:00
대전복합터미널,07:14,"6,200 원",01:00
대전복합터미널,07:21,"4,800 원",01:00
대전복합터미널,08:11,"4,800 원",01:00
대전복합터미널,08:46,"4,800 원",01:00
대전복합터미널,08:56,"4,800 원",01:00
대전복합터미널,09:21,"6,200 원",01:00
대전복합터미널,09:36,"4,800 원",01:00
대전복합터미널,10:56,"6,200 원",01:00
대전복합터미널,11:21,"6,200 원",01:00
대전복합터미널,12:04,"6,200 원",01:00
대전복합터미널,12:21,"4,800 원",01:00
대전복합터미널,12:26,"4,800 원",01:00
대전복합터미널,12:43,"4,800 원",01:00
대전복합터미널,12:45,"4,800 원",01:00
대전복합터미널,13:01,"6,200 원",01:00
대전복합터미널,13:34,"6,200 원",01:00
대전복합터미널,13:59,"6,200 원",01:00
대전복합터미널,14:09,"4,800 원",01:00
대전복합터미널,14:42,"6,200 원",01:00
대전복합터미널,14:45,"4,800 원",01:00
대전복합터미널,14:58,"6,200 원",01:00
대전복합터미널,15:13,"4,800 원",01:00
대전복합터미널,16:11,"6,200 원",01:00
대전복합터미널,16:26,"4,800 원",01:00
대전복합터미널,16:46,"6,200 원",01:00
대전복합터미널,17:04,"6,200 원",01:00
대전복합터미널,18:04,"6,200 원",01:00
대전복합터미널,18:14,"4,800 원",01:00
대전복합터미널,18:54,"6,200 원",01:00
대전복합터미널,19:04,"4,800 원",01:00
대전복합터미널,19:27,"6,200 원",01:00
대전복합터미널,19:42,"4,800 원",01:00
대전복합터미널,20:50,"4,800 원",01:00
대전복합터미널,22:00,"5,300 원",01:00
대전청사시외버스둔산정류소,출발,요금(어른),소요시간
대전청사시외버스둔산정류소,08:00,"5,200 원",00:47
덕산진천정류소,출발,요금(어른),소요시간
덕산진천정류소,06:40,"6,900 원",01:19
덕산진천정류소,10:10,"6,900 원",01:19
덕산진천정류소,11:36,"6,900 원",01:19
덕산진천정류소,15:36,"6,900 원",01:19
덕산진천정류소,17:40,"6,900 원",01:19
덕산진천정류소,18:41,"6,900 원",01:19
덕진공용정류장,출발,요금(어른),소요시간
도안,출발,요금(어른),소요시간
도안,07:22,"4,800 원",00:59
도안,11:34,"4,800 원",00:59
도안,16:50,"4,800 원",00:59
동서울종합터미널,출발,요금(어른),소요시간
동서울종합터미널,06:00,"12,800 원",02:00
동서울종합터미널,06:30,"12,800 원",02:00
동서울종합터미널,07:00,"12,800 원",02:00
동서울종합터미널,07:40,"12,800 원",02:00
동서울종합터미널,08:00,"12,800 원",02:00
동서울종합터미널,08:30,"12,800 원",02:00
동서울종합터미널,08:40,"12,800 원",02:00
동서울종합터미널,09:00,"12,800 원",02:00
동서울종합터미널,09:40,"12,800 원",02:00
동서울종합터미널,10:00,"12,800 원",02:00
동서울종합터미널,10:20,"12,800 원",02:00
동서울종합터미널,11:00,"12,800 원",02:00
동서울종합터미널,11:20,"12,800 원",02:00
동서울종합터미널,11:40,"9,900 원",02:00
동서울종합터미널,12:20,"12,800 원",02:00
동서울종합터미널,12:40,"12,800 원",02:00
동서울종합터미널,13:00,"12,800 원",02:00
동서울종합터미널,13:40,"12,800 원",02:00
동서울종합터미널,14:40,"12,800 원",02:00
동서울종합터미널,15:20,"12,800 원",02:00
동서울종합터미널,15:40,"12,800 원",02:00
동서울종합터미널,16:20,"12,800 원",02:00
동서울종합터미널,16:40,"12,800 원",02:00
동서울종합터미널,17:00,"12,800 원",02:00
동서울종합터미널,17:20,"12,800 원",02:00
동서울종합터미널,18:00,"12,800 원",02:00
동서울종합터미널,18:20,"12,800 원",02:00
동서울종합터미널,18:40,"12,800 원",02:00
동서울종합터미널,19:00,"9,900 원",02:00
동서울종합터미널,19:20,"12,800 원",02:00
동서울종합터미널,19:40,"12,800 원",02:00
동서울종합터미널,20:30,"12,800 원",02:44
동서울종합터미널,21:00,"12,800 원",02:00
마산시외버스터미널,출발,요금(어른),소요시간
마산시외버스터미널,10:00,"20,300 원",02:55
마산시외버스터미널,15:00,"20,300 원",02:55
마산시외버스터미널,19:30,"20,300 원",02:55
목계정류소,출발,요금(어른),소요시간
목계정류소,09:30,"13,400 원",01:50
목계정류소,14:04,"13,400 원",01:30
미원정류소,출발,요금(어른),소요시간
미원정류소,09:30,"4,500 원",00:58
미원정류소,13:50,"4,500 원",00:58
미원정류소,16:30,"4,500 원",00:58
배방환승정류장,출발,요금(어른),소요시간
배방환승정류장,08:25,"5,700 원",01:13
배방환승정류장,10:10,"5,700 원",01:13
배방환승정류장,10:45,"5,700 원",01:13
배방환승정류장,11:50,"5,700 원",01:13
배방환승정류장,14:00,"5,700 원",01:13
배방환승정류장,15:47,"5,700 원",01:13
배방환승정류장,17:12,"5,700 원",01:13
배방환승정류장,17:50,"5,700 원",01:13
배방환승정류장,18:54,"5,700 원",01:13
보은시외버스터미널,출발,요금(어른),소요시간
보은시외버스터미널,09:30,"8,400 원",01:20
보은시외버스터미널,13:50,"8,400 원",01:20
보은시외버스터미널,16:30,"8,400 원",01:28
봉강교정류소,출발,요금(어른),소요시간
봉강교정류소,08:25,"5,500 원",01:07
봉강교정류소,10:10,"5,500 원",01:07
봉강교정류소,10:45,"5,500 원",01:07
봉강교정류소,11:50,"5,500 원",01:07
봉강교정류소,14:00,"5,500 원",01:07
봉강교정류소,15:47,"5,500 원",01:07
봉강교정류소,17:12,"5,500 원",01:07
봉강교정류소,17:50,"5,500 원",01:07
봉강교정류소,18:54,"5,500 원",01:07
부여시외버스터미널,출발,요금(어른),소요시간
부여시외버스터미널,06:40,"12,500 원",02:10
부여시외버스터미널,10:30,"12,500 원",02:10
부여시외버스터미널,14:00,"12,500 원",02:10
부여시외버스터미널,16:30,"12,500 원",02:10
부천종합터미널,출발,요금(어른),소요시간
부천종합터미널,06:50,"16,300 원",02:40
부천종합터미널,08:10,"16,300 원",02:40
부천종합터미널,10:10,"16,300 원",02:40
부천종합터미널,11:40,"16,300 원",02:40
부천종합터미널,13:00,"16,300 원",02:40
부천종합터미널,14:25,"16,300 원",02:40
부천종합터미널,15:50,"16,300 원",02:40
부천종합터미널,18:30,"16,300 원",02:40
북대전IC시외버스정류소,출발,요금(어른),소요시간
북대전IC시외버스정류소,08:00,"4,400 원",00:30
상주대,출발,요금(어른),소요시간
상주대,06:30,"7,900 원",01:26
상주대,13:30,"7,900 원",01:26
상주종합버스터미널,출발,요금(어른),소요시간
상주종합버스터미널,15:45,"10,400 원",02:35
상주종합버스터미널,20:10,"10,400 원",02:35
상판,출발,요금(어른),소요시간
상판,09:30,"10,500 원",01:39
상판,13:50,"10,500 원",01:39
생극터미널,출발,요금(어른),소요시간
생극터미널,07:00,"10,300 원",01:43
생극터미널,09:46,"10,300 원",01:49
생극터미널,19:00,"10,300 원",01:49
서부정류장,출발,요금(어른),소요시간
서부정류장,07:00,"21,000 원",03:01
서부정류장,08:10,"21,000 원",03:01
서부정류장,11:40,"16,200 원",03:01
서부정류장,13:25,"21,000 원",03:01
서부정류장,15:00,"21,000 원",03:01
서부정류장,16:10,"21,000 원",03:01
서부정류장,17:30,"16,200 원",03:01
서부정류장,19:00,"21,000 원",03:01
서울남부터미널,출발,요금(어른),소요시간
서울남부터미널,05:25,"12,800 원",02:07
서울남부터미널,06:30,"12,800 원",02:07
서울남부터미널,07:10,"12,800 원",02:07
서울남부터미널,07:50,"12,800 원",02:07
서울남부터미널,08:30,"12,800 원",02:00
서울남부터미널,09:00,"12,800 원",02:07
서울남부터미널,09:30,"12,800 원",02:00
서울남부터미널,10:10,"12,800 원",02:07
서울남부터미널,11:30,"12,800 원",02:07
서울남부터미널,11:50,"12,800 원",02:07
서울남부터미널,12:10,"12,800 원",02:07
서울남부터미널,12:50,"12,800 원",02:07
서울남부터미널,13:30,"12,800 원",02:20
서울남부터미널,14:10,"12,800 원",02:07
서울남부터미널,14:50,"12,800 원",02:07
서울남부터미널,15:00,"12,800 원",02:07
서울남부터미널,15:30,"12,800 원",02:07
서울남부터미널,16:00,"12,800 원",02:20
서울남부터미널,16:30,"12,800 원",02:07
서울남부터미널,17:00,"12,800 원",02:07
서울남부터미널,18:00,"12,800 원",02:07
서울남부터미널,18:30,"12,800 원",02:07
서울남부터미널,19:00,"12,800 원",02:20
서울남부터미널,20:00,"12,800 원",02:07
서울남부터미널,21:00,"9,100 원",02:07
서울남부터미널,22:00,"14,100 원",02:00
석소,출발,요금(어른),소요시간
성남종합버스터미널,출발,요금(어른),소요시간
성남종합버스터미널,06:40,"9,800 원",01:55
성남종합버스터미널,07:15,"12,700 원",01:55
성남종합버스터미널,07:40,"12,700 원",01:55
성남종합버스터미널,08:40,"12,700 원",01:55
성남종합버스터미널,09:40,"9,800 원",01:55
성남종합버스터미널,10:40,"12,700 원",01:55
성남종합버스터미널,11:20,"12,700 원",01:55
성남종합버스터미널,11:40,"12,700 원",01:55
성남종합버스터미널,12:40,"9,800 원",01:55
성남종합버스터미널,13:40,"12,700 원",01:55
성남종합버스터미널,14:25,"12,700 원",01:55
성남종합버스터미널,14:40,"12,700 원",01:55
성남종합버스터미널,15:40,"9,800 원",01:55
성남종합버스터미널,16:40,"12,700 원",01:55
성남종합버스터미널,17:40,"12,700 원",01:55
성남종합버스터미널,18:40,"9,800 원",01:55
성남종합버스터미널,19:40,"12,700 원",01:55
성남종합버스터미널,20:30,"12,700 원",01:55
세종고속시외버스터미널,출발,요금(어른),소요시간
세종고속시외버스터미널,12:30,"4,900 원",01:08
세종고속시외버스터미널,18:30,"4,900 원",01:08
세종고속시외버스터미널,20:00,"4,900 원",01:08
세종청사정류소(상행),출발,요금(어른),소요시간
세종청사정류소(상행),12:30,"4,200 원",00:54
세종청사정류소(상행),18:30,"4,200 원",00:54
세종청사정류소(상행),20:00,"4,200 원",00:54
속리산터미널,출발,요금(어른),소요시간
속리산터미널,09:30,"10,800 원",01:43
속리산터미널,13:50,"10,800 원",01:43
송탄시외버스터미널,출발,요금(어른),소요시간
송탄시외버스터미널,19:30,"8,000 원",01:45
수원종합버스터미널,출발,요금(어른),소요시간
수원종합버스터미널,07:04,"11,600 원",02:11
수원종합버스터미널,07:16,"9,000 원",01:52
수원종합버스터미널,08:04,"9,000 원",01:52
수원종합버스터미널,08:52,"11,600 원",02:11
수원종합버스터미널,09:16,"9,000 원",01:52
수원종합버스터미널,10:04,"11,600 원",01:47
수원종합버스터미널,10:28,"9,000 원",01:52
수원종합버스터미널,11:16,"11,600 원",01:47
수원종합버스터미널,11:28,"11,600 원",02:11
수원종합버스터미널,11:40,"9,000 원",01:52
수원종합버스터미널,12:28,"11,600 원",02:11
수원종합버스터미널,13:16,"9,000 원",01:52
수원종합버스터미널,13:40,"11,600 원",02:11
수원종합버스터미널,13:52,"9,000 원",01:52
수원종합버스터미널,14:16,"9,000 원",01:52
수원종합버스터미널,14:40,"11,600 원",02:06
수원종합버스터미널,15:04,"9,000 원",01:52
수원종합버스터미널,16:04,"11,600 원",02:11
수원종합버스터미널,16:28,"9,000 원",01:52
수원종합버스터미널,16:52,"11,600 원",01:47
수원종합버스터미널,17:04,"9,000 원",01:52
수원종합버스터미널,18:04,"11,600 원",02:11
수원종합버스터미널,18:28,"9,000 원",01:52
수원종합버스터미널,19:04,"11,600 원",02:11
수원종합버스터미널,19:16,"9,000 원",01:52
수원종합버스터미널,20:10,"11,600 원",02:06
수원종합버스터미널,20:40,"11,600 원",02:11
순천종합버스터미널,출발,요금(어른),소요시간
순천종합버스터미널,09:15,"26,100 원",02:52
순천종합버스터미널,14:40,"26,100 원",02:52
신갈고속시외버스정류소,출발,요금(어른),소요시간
신갈고속시외버스정류소,07:10,"8,500 원",01:26
신갈고속시외버스정류소,09:50,"8,500 원",01:26
신갈고속시외버스정류소,12:30,"8,500 원",01:26
신갈고속시외버스정류소,15:25,"8,500 원",01:26
신갈고속시외버스정류소,18:25,"8,500 원",01:26
신갈영덕시외버스정류장,출발,요금(어른),소요시간
신갈영덕시외버스정류장,07:04,"10,000 원",01:30
신갈영덕시외버스정류장,08:52,"10,000 원",01:30
신갈영덕시외버스정류장,11:28,"10,000 원",01:30
신갈영덕시외버스정류장,12:28,"10,000 원",01:30
신갈영덕시외버스정류장,13:40,"10,000 원",01:30
신갈영덕시외버스정류장,14:40,"10,000 원",01:26
신갈영덕시외버스정류장,16:04,"10,000 원",01:30
신갈영덕시외버스정류장,18:04,"10,000 원",01:30
신갈영덕시외버스정류장,19:04,"10,000 원",01:30
신갈영덕시외버스정류장,20:10,"10,000 원",01:26
신갈영덕시외버스정류장,20:40,"10,000 원",01:30
심천,출발,요금(어른),소요시간
심천,07:10,"8,700 원",01:32
심천,07:30,"8,700 원",01:37
심천,13:40,"8,700 원",01:37
심천,15:20,"8,700 원",01:37
심천,20:00,"8,700 원",01:37
아산시외버스터미널,출발,요금(어른),소요시간
아산시외버스터미널,08:25,"6,500 원",01:29
아산시외버스터미널,10:10,"6,500 원",01:29
아산시외버스터미널,10:45,"6,500 원",01:29
아산시외버스터미널,11:50,"6,500 원",01:29
아산시외버스터미널,14:00,"6,500 원",01:29
아산시외버스터미널,15:47,"6,500 원",01:29
아산시외버스터미널,17:12,"6,500 원",01:29
아산시외버스터미널,17:50,"6,500 원",01:29
아산시외버스터미널,18:54,"6,500 원",01:29
아주대터미널,출발,요금(어른),소요시간
아주대터미널,07:04,"11,600 원",01:54
아주대터미널,08:52,"11,600 원",01:54
아주대터미널,11:28,"11,600 원",01:54
아주대터미널,12:28,"11,600 원",01:54
아주대터미널,13:40,"11,600 원",01:54
아주대터미널,14:40,"11,600 원",01:49
아주대터미널,16:04,"11,600 원",01:54
아주대터미널,18:04,"11,600 원",01:54
아주대터미널,19:04,"11,600 원",01:54
아주대터미널,20:10,"11,600 원",01:49
아주대터미널,20:40,"11,600 원",01:54
안동터미널,출발,요금(어른),소요시간
안동터미널,06:30,"19,200 원",02:44
안동터미널,13:30,"19,200 원",02:44
안산버스터미널,출발,요금(어른),소요시간
안산버스터미널,06:20,"13,500 원",01:48
안산버스터미널,07:20,"13,500 원",01:48
안산버스터미널,08:20,"13,500 원",01:48
안산버스터미널,09:20,"13,500 원",01:48
안산버스터미널,10:20,"13,500 원",01:48
안산버스터미널,12:20,"13,500 원",01:48
안산버스터미널,13:20,"13,500 원",01:48
안산버스터미널,14:20,"13,500 원",01:48
안산버스터미널,15:20,"13,500 원",01:48
안산버스터미널,16:20,"13,500 원",01:48
안산버스터미널,18:20,"13,500 원",01:48
안산버스터미널,19:40,"13,500 원",01:48
안성종합버스터미널,출발,요금(어른),소요시간
안성종합버스터미널,09:00,"7,500 원",01:25
안성종합버스터미널,13:35,"7,500 원",01:25
안성종합버스터미널,18:00,"7,500 원",01:25
안양역시외버스터미널,출발,요금(어른),소요시간
안양역시외버스터미널,07:30,"13,600 원",02:11
안양역시외버스터미널,12:10,"13,600 원",02:11
안양역시외버스터미널,16:40,"13,600 원",02:11
안양역시외버스터미널,18:00,"13,600 원",02:11
양산시외버스터미널,출발,요금(어른),소요시간
양산시외버스터미널,08:00,"27,200 원",03:09
여수종합버스터미널,출발,요금(어른),소요시간
여수종합버스터미널,09:15,"36,900 원",04:20
여수종합버스터미널,14:40,"36,900 원",04:20
영동시외버스공용터미널,출발,요금(어른),소요시간
영동시외버스공용터미널,07:10,"10,300 원",01:50
영동시외버스공용터미널,07:30,"10,300 원",01:56
영동시외버스공용터미널,13:40,"10,300 원",01:56
영동시외버스공용터미널,15:20,"10,300 원",01:56
영동시외버스공용터미널,20:00,"10,300 원",01:56
영통입구터미널,출발,요금(어른),소요시간
영통입구터미널,07:04,"10,000 원",01:36
영통입구터미널,08:52,"10,000 원",01:36
영통입구터미널,11:28,"10,000 원",01:36
영통입구터미널,12:28,"10,000 원",01:36
영통입구터미널,13:40,"10,000 원",01:36
영통입구터미널,14:40,"10,000 원",01:31
영통입구터미널,16:04,"10,000 원",01:36
영통입구터미널,18:04,"10,000 원",01:36
영통입구터미널,19:04,"10,000 원",01:36
영통입구터미널,20:10,"10,000 원",01:31
영통입구터미널,20:40,"10,000 원",01:36
예천시외버스정류장,출발,요금(어른),소요시간
예천시외버스정류장,06:30,"15,700 원",02:17
예천시외버스정류장,13:30,"15,700 원",02:17
오산역환승센터,출발,요금(어른),소요시간
오산역환승센터,07:16,"6,900 원",01:19
오산역환승센터,08:04,"6,900 원",01:19
오산역환승센터,09:16,"6,900 원",01:19
오산역환승센터,10:04,"9,000 원",01:14
오산역환승센터,10:28,"6,900 원",01:19
오산역환승센터,11:16,"9,000 원",01:14
오산역환승센터,11:40,"6,900 원",01:19
오산역환승센터,13:16,"6,900 원",01:19
오산역환승센터,13:52,"6,900 원",01:19
오산역환승센터,14:16,"6,900 원",01:19
오산역환승센터,15:04,"6,900 원",01:19
오산역환승센터,16:28,"6,900 원",01:19
오산역환승센터,16:52,"9,000 원",01:14
오산역환승센터,17:04,"6,900 원",01:19
오산역환승센터,18:28,"6,900 원",01:19
오산역환승센터,19:16,"6,900 원",01:19
옥천시외버스공용정류소,출발,요금(어른),소요시간
옥천시외버스공용정류소,07:10,"5,600 원",01:08
옥천시외버스공용정류소,07:30,"5,600 원",01:08
옥천시외버스공용정류소,13:40,"5,600 원",01:08
옥천시외버스공용정류소,15:20,"5,600 원",01:08
옥천시외버스공용정류소,20:00,"5,600 원",01:08
용인공용버스터미널,출발,요금(어른),소요시간
용인공용버스터미널,07:10,"10,400 원",01:52
용인공용버스터미널,09:50,"10,400 원",01:52
용인공용버스터미널,12:30,"10,400 원",01:52
용인공용버스터미널,15:25,"10,400 원",01:52
용인공용버스터미널,18:25,"10,400 원",01:52
원주시외버스터미널,출발,요금(어른),소요시간
원주시외버스터미널,07:40,"11,100 원",01:43
원주시외버스터미널,13:35,"11,100 원",01:43
유성시외버스정류소,출발,요금(어른),소요시간
유성시외버스정류소,06:15,"6,700 원",01:04
유성시외버스정류소,07:20,"6,700 원",01:04
유성시외버스정류소,08:00,"5,200 원",01:04
유성시외버스정류소,08:10,"5,200 원",01:04
유성시외버스정류소,08:10,"5,200 원",01:04
유성시외버스정류소,08:55,"6,700 원",01:04
유성시외버스정류소,09:20,"5,200 원",01:04
유성시외버스정류소,09:45,"5,200 원",01:04
유성시외버스정류소,10:20,"6,700 원",01:04
유성시외버스정류소,10:40,"5,200 원",01:04
유성시외버스정류소,10:50,"6,700 원",01:04
유성시외버스정류소,11:25,"5,200 원",01:04
유성시외버스정류소,11:55,"6,700 원",01:04
유성시외버스정류소,12:30,"6,700 원",01:04
유성시외버스정류소,13:05,"5,200 원",01:04
유성시외버스정류소,13:20,"5,200 원",01:04
유성시외버스정류소,14:00,"6,700 원",01:04
유성시외버스정류소,14:30,"5,200 원",01:04
유성시외버스정류소,15:00,"5,200 원",01:04
유성시외버스정류소,15:35,"6,700 원",01:04
유성시외버스정류소,15:55,"6,700 원",01:04
유성시외버스정류소,16:15,"5,200 원",01:04
유성시외버스정류소,16:45,"6,700 원",01:04
유성시외버스정류소,17:10,"6,700 원",01:04
유성시외버스정류소,17:45,"5,200 원",01:04
유성시외버스정류소,17:55,"5,200 원",01:04
유성시외버스정류소,18:40,"6,700 원",01:04
유성시외버스정류소,19:30,"5,200 원",01:04
음성공용버스터미널,출발,요금(어른),소요시간
음성공용버스터미널,06:20,"7,400 원",01:24
음성공용버스터미널,06:55,"7,400 원",01:24
음성공용버스터미널,07:00,"7,400 원",01:18
음성공용버스터미널,09:46,"7,400 원",01:24
음성공용버스터미널,11:06,"7,400 원",01:24
음성공용버스터미널,12:37,"7,400 원",01:24
음성공용버스터미널,14:04,"7,400 원",00:55
음성공용버스터미널,15:20,"7,400 원",01:24
음성공용버스터미널,17:39,"7,400 원",01:24
음성공용버스터미널,18:03,"7,400 원",01:24
음성공용버스터미널,18:57,"7,400 원",01:24
음성공용버스터미널,19:00,"7,400 원",01:24
음성공용버스터미널,19:38,"7,400 원",01:24
의왕,출발,요금(어른),소요시간
의왕,07:30,"11,900 원",01:41
의왕,12:10,"11,900 원",01:41
의왕,16:40,"11,900 원",01:41
의왕,18:00,"11,900 원",01:41
의정부시외버스터미널,출발,요금(어른),소요시간
의정부시외버스터미널,09:35,"15,900 원",02:23
의정부시외버스터미널,11:30,"15,900 원",02:23
의정부시외버스터미널,13:30,"15,900 원",02:23
의정부시외버스터미널,15:30,"15,900 원",02:23
의정부시외버스터미널,19:40,"15,900 원",02:23
이원,출발,요금(어른),소요시간
이원,07:30,"7,100 원",01:23
이원,13:40,"7,100 원",01:23
이원,15:20,"7,100 원",01:23
이원,20:00,"7,100 원",01:23
이천종합터미널,출발,요금(어른),소요시간
이천종합터미널,07:00,"7,700 원",01:17
이천종합터미널,08:20,"7,700 원",01:17
이천종합터미널,12:00,"7,700 원",01:17
이천종합터미널,13:10,"7,700 원",01:17
이천종합터미널,17:10,"7,700 원",01:17
이천종합터미널,18:10,"7,700 원",01:17
익산공용버스터미널,출발,요금(어른),소요시간
익산공용버스터미널,09:20,"12,600 원",02:22
익산공용버스터미널,10:40,"12,600 원",02:22
익산공용버스터미널,13:05,"12,600 원",02:22
익산공용버스터미널,16:15,"12,600 원",02:22
익산공용버스터미널,17:55,"12,600 원",02:22
인천공항2터미널,출발,요금(어른),소요시간
인천공항2터미널,05:00,"23,800 원",02:49
인천공항2터미널,06:00,"30,900 원",02:49
인천공항2터미널,06:30,"30,900 원",02:49
인천공항2터미널,08:00,"23,800 원",02:49
인천공항2터미널,08:30,"23,800 원",02:49
인천공항2터미널,10:00,"23,800 원",02:49
인천공항2터미널,10:30,"23,800 원",02:49
인천공항2터미널,11:30,"23,800 원",02:49
인천공항2터미널,12:00,"23,800 원",02:49
인천공항2터미널,12:30,"23,800 원",02:49
인천공항2터미널,14:00,"23,800 원",02:49
인천공항2터미널,14:30,"30,900 원",02:49
인천공항2터미널,16:00,"30,900 원",02:49
인천공항2터미널,16:30,"23,800 원",02:49
인천공항2터미널,17:00,"23,800 원",02:49
인천공항2터미널,18:30,"23,800 원",02:49
인천공항2터미널,19:10,"23,800 원",02:49
인천공항터미널,출발,요금(어른),소요시간
인천공항터미널,05:00,"23,800 원",02:35
인천공항터미널,06:00,"30,900 원",02:35
인천공항터미널,06:30,"30,900 원",02:35
인천공항터미널,08:00,"23,800 원",02:35
인천공항터미널,08:30,"23,800 원",02:35
인천공항터미널,10:00,"23,800 원",02:35
인천공항터미널,10:30,"23,800 원",02:35
인천공항터미널,11:30,"23,800 원",02:35
인천공항터미널,12:00,"23,800 원",02:35
인천공항터미널,12:30,"23,800 원",02:35
인천공항터미널,14:00,"23,800 원",02:35
인천공항터미널,14:30,"30,900 원",02:35
인천공항터미널,16:00,"30,900 원",02:35
인천공항터미널,16:30,"23,800 원",02:35
인천공항터미널,17:00,"23,800 원",02:35
인천공항터미널,18:30,"23,800 원",02:35
인천공항터미널,19:10,"23,800 원",02:35
인천종합터미널,출발,요금(어른),소요시간
인천종합터미널,06:30,"15,300 원",02:25
인천종합터미널,07:10,"15,300 원",02:25
인천종합터미널,07:40,"15,300 원",02:25
인천종합터미널,08:40,"15,300 원",02:25
인천종합터미널,09:40,"15,300 원",02:25
인천종합터미널,10:20,"15,300 원",02:25
인천종합터미널,11:00,"15,300 원",02:25
인천종합터미널,12:20,"15,300 원",02:25
인천종합터미널,13:35,"15,300 원",02:25
인천종합터미널,14:10,"15,300 원",02:25
인천종합터미널,14:40,"15,300 원",02:25
인천종합터미널,15:20,"15,300 원",02:25
인천종합터미널,16:00,"15,300 원",02:25
인천종합터미널,16:40,"15,300 원",02:25
인천종합터미널,17:20,"15,300 원",02:25
인천종합터미널,18:20,"15,300 원",02:25
인천종합터미널,19:20,"15,300 원",02:25
인천종합터미널,20:20,"15,300 원",02:25
장호원시외버스터미널,출발,요금(어른),소요시간
장호원시외버스터미널,07:00,"12,100 원",02:03
장호원시외버스터미널,09:46,"12,100 원",02:09
장호원시외버스터미널,19:00,"12,100 원",02:09
전주시외버스공용터미널,출발,요금(어른),소요시간
전주시외버스공용터미널,07:20,"15,900 원",01:52
전주시외버스공용터미널,08:10,"12,300 원",01:52
전주시외버스공용터미널,08:55,"15,900 원",01:52
전주시외버스공용터미널,09:45,"12,300 원",01:52
전주시외버스공용터미널,10:20,"15,900 원",01:52
전주시외버스공용터미널,10:50,"15,900 원",01:52
전주시외버스공용터미널,11:25,"12,300 원",01:52
전주시외버스공용터미널,11:55,"15,900 원",01:52
전주시외버스공용터미널,12:30,"15,900 원",01:52
전주시외버스공용터미널,13:20,"12,300 원",01:52
전주시외버스공용터미널,14:00,"15,900 원",01:52
전주시외버스공용터미널,14:30,"12,300 원",01:52
전주시외버스공용터미널,15:00,"12,300 원",01:52
전주시외버스공용터미널,15:35,"15,900 원",01:52
전주시외버스공용터미널,15:55,"15,900 원",01:52
전주시외버스공용터미널,16:45,"15,900 원",01:52
전주시외버스공용터미널,17:10,"15,900 원",01:52
전주시외버스공용터미널,17:45,"12,300 원",01:52
전주시외버스공용터미널,18:40,"15,900 원",01:52
전주시외버스공용터미널,19:30,"12,300 원",01:52
제천버스터미널,출발,요금(어른),소요시간
제천버스터미널,13:30,"11,600 원",01:40
제천버스터미널,19:30,"11,600 원",01:40
조치원공영버스터미널,출발,요금(어른),소요시간
조치원공영버스터미널,12:30,"2,200 원",00:28
조치원공영버스터미널,18:30,"2,200 원",00:28
조치원공영버스터미널,20:00,"2,200 원",00:28
주공터미널,출발,요금(어른),소요시간
주공터미널,07:00,"15,900 원",02:15
주공터미널,08:10,"15,900 원",02:15
주공터미널,11:40,"12,200 원",02:15
주공터미널,13:25,"15,900 원",02:15
주공터미널,15:00,"15,900 원",02:15
주공터미널,16:10,"15,900 원",02:15
주공터미널,17:30,"12,200 원",02:15
주공터미널,19:00,"15,900 원",02:15
주덕정류소,출발,요금(어른),소요시간
주덕정류소,06:20,"9,200 원",01:42
주덕정류소,06:55,"9,200 원",01:42
주덕정류소,11:06,"9,200 원",01:42
주덕정류소,12:37,"9,200 원",01:42
주덕정류소,14:04,"9,200 원",01:10
주덕정류소,15:20,"9,200 원",01:42
주덕정류소,17:39,"9,200 원",01:42
주덕정류소,18:03,"9,200 원",01:42
주덕정류소,18:57,"9,200 원",01:42
주덕정류소,19:38,"9,200 원",01:42
죽전,출발,요금(어른),소요시간
죽전,13:30,"10,800 원",01:37
죽전,16:00,"10,800 원",01:37
죽전,19:00,"10,800 원",01:37
중마버스터미널,출발,요금(어른),소요시간
중마버스터미널,09:15,"31,700 원",03:38
중마버스터미널,14:40,"31,700 원",03:38
중앙대,출발,요금(어른),소요시간
중앙대,09:00,"6,500 원",01:13
중앙대,13:35,"6,500 원",01:13
중앙대,18:00,"6,500 원",01:13
증평시외버스터미널,출발,요금(어른),소요시간
증평시외버스터미널,07:22,"4,000 원",00:50
증평시외버스터미널,11:34,"4,000 원",00:50
증평시외버스터미널,16:50,"4,000 원",00:50
진주시외버스터미널,출발,요금(어른),소요시간
진주시외버스터미널,08:00,"21,800 원",02:18
진주시외버스터미널,10:30,"21,800 원",02:18
진주시외버스터미널,17:00,"21,800 원",02:18
진천종합버스터미널,출발,요금(어른),소요시간
진천종합버스터미널,06:40,"5,200 원",01:03
진천종합버스터미널,08:50,"5,200 원",01:03
진천종합버스터미널,10:10,"5,200 원",01:03
진천종합버스터미널,10:35,"5,200 원",01:03
진천종합버스터미널,11:00,"5,200 원",01:03
진천종합버스터미널,11:36,"5,200 원",01:03
진천종합버스터미널,14:00,"5,200 원",01:03
진천종합버스터미널,15:36,"5,200 원",01:03
진천종합버스터미널,16:44,"5,200 원",01:03
진천종합버스터미널,17:40,"5,200 원",01:03
진천종합버스터미널,18:41,"5,200 원",01:03
진천종합버스터미널,19:00,"5,200 원",01:03
창리,출발,요금(어른),소요시간
창리,16:30,"5,700 원",01:09
창원종합버스터미널,출발,요금(어른),소요시간
창원종합버스터미널,10:00,"21,400 원",03:10
창원종합버스터미널,15:00,"21,400 원",03:10
창원종합버스터미널,19:30,"21,400 원",03:10
천안종합버스터미널,출발,요금(어른),소요시간
천안종합버스터미널,06:30,"4,000 원",00:41
천안종합버스터미널,07:15,"4,000 원",00:41
천안종합버스터미널,07:50,"4,000 원",00:41
천안종합버스터미널,08:25,"4,000 원",00:41
천안종합버스터미널,09:00,"4,000 원",00:41
천안종합버스터미널,09:07,"4,000 원",00:41
천안종합버스터미널,09:35,"4,000 원",00:41
천안종합버스터미널,10:10,"4,000 원",00:41
천안종합버스터미널,10:45,"4,000 원",00:41
천안종합버스터미널,11:20,"4,000 원",00:41
천안종합버스터미널,11:50,"4,000 원",00:41
천안종합버스터미널,12:15,"5,200 원",00:41
천안종합버스터미널,12:50,"4,000 원",00:41
천안종합버스터미널,13:26,"4,000 원",00:41
천안종합버스터미널,14:00,"4,000 원",00:41
천안종합버스터미널,14:35,"4,000 원",00:41
천안종합버스터미널,15:00,"4,000 원",00:41
천안종합버스터미널,15:30,"4,000 원",00:41
천안종합버스터미널,15:47,"4,000 원",00:41
천안종합버스터미널,16:08,"4,000 원",00:41
천안종합버스터미널,16:35,"4,000 원",00:41
천안종합버스터미널,17:12,"4,000 원",00:41
천안종합버스터미널,17:50,"4,000 원",00:41
천안종합버스터미널,18:15,"4,000 원",00:41
천안종합버스터미널,18:40,"4,000 원",00:41
천안종합버스터미널,18:54,"4,000 원",00:41
천안종합버스터미널,19:15,"4,000 원",00:41
천안종합버스터미널,19:35,"4,000 원",00:41
천안종합버스터미널,19:55,"4,000 원",00:41
천안종합버스터미널,20:15,"5,200 원",00:41
천안종합버스터미널,20:53,"4,000 원",00:41
청주사창정류소,출발,요금(어른),소요시간
청주사창정류소,06:15,"1,600 원",00:09
청주사창정류소,07:10,"1,700 원",00:09
청주사창정류소,08:10,"1,700 원",00:09
청주사창정류소,09:20,"1,700 원",00:09
청주사창정류소,10:40,"1,700 원",00:09
청주사창정류소,13:05,"1,700 원",00:09
청주사창정류소,16:15,"1,700 원",00:09
청주사창정류소,17:55,"1,700 원",00:09
청주여객북부정류소,출발,요금(어른),소요시간
춘천시외버스터미널,출발,요금(어른),소요시간
춘천시외버스터미널,10:05,"21,800 원",03:40
춘천시외버스터미널,15:35,"21,800 원",03:40
춘천시외버스터미널,16:05,"21,800 원",03:40
춘천시외버스터미널,18:15,"21,800 원",03:40
충주공용버스터미널,출발,요금(어른),소요시간
충주공용버스터미널,07:10,"11,000 원",01:36
충주공용버스터미널,09:10,"11,000 원",01:36
충주공용버스터미널,13:50,"11,000 원",01:35
충주공용버스터미널,16:10,"11,000 원",01:35
충주공용버스터미널,20:00,"11,000 원",01:35
태백시외버스터미널,출발,요금(어른),소요시간
태백시외버스터미널,17:20,"31,600 원",02:51
통영종합버스터미널,출발,요금(어른),소요시간
통영종합버스터미널,08:00,"29,600 원",03:06
통영종합버스터미널,10:30,"29,600 원",03:06
통영종합버스터미널,17:00,"29,600 원",03:06
평택대앞,출발,요금(어른),소요시간
평택시외버스터미널,출발,요금(어른),소요시간
평택시외버스터미널,07:22,"6,100 원",01:22
평택시외버스터미널,09:03,"6,100 원",01:07
평택시외버스터미널,09:45,"6,100 원",01:22
평택시외버스터미널,10:28,"6,100 원",01:22
평택시외버스터미널,11:20,"6,100 원",01:16
평택시외버스터미널,12:34,"6,100 원",01:22
평택시외버스터미널,12:55,"6,100 원",01:07
평택시외버스터미널,13:54,"6,100 원",01:22
평택시외버스터미널,14:27,"6,100 원",01:16
평택시외버스터미널,15:38,"6,100 원",01:22
평택시외버스터미널,16:15,"6,100 원",01:16
평택시외버스터미널,17:10,"6,100 원",01:22
평택시외버스터미널,18:05,"7,900 원",01:16
평택시외버스터미널,18:57,"6,100 원",01:22
평택시외버스터미널,19:30,"6,100 원",01:07
하남시버스환승공영차고지,출발,요금(어른),소요시간
하남시버스환승공영차고지,07:00,"11,000 원",01:59
하남시버스환승공영차고지,13:15,"11,000 원",01:59
해운대시외버스터미널,출발,요금(어른),소요시간
해운대시외버스터미널,08:00,"32,200 원",03:56
홍천터미널,출발,요금(어른),소요시간
홍천터미널,10:05,"18,500 원",03:00
홍천터미널,15:35,"18,500 원",03:00
홍천터미널,16:05,"18,500 원",03:00
홍천터미널,18:15,"18,500 원",03:00
횡성시외버스터미널,출발,요금(어른),소요시간
횡성시외버스터미널,10:05,"13,700 원",02:00
횡성시외버스터미널,15:35,"13,700 원",02:00
횡성시외버스터미널,16:05,"13,700 원",02:00
횡성시외버스터미널,18:15,"13,700 원",02:00
